"title","imageUrls/0","imageUrls/1","imageUrls/2","imageUrls/3","imageUrls/4","imageUrls/5","imageUrls/6","imageUrls/7"
"Remo’s Pasta and Tiramisù","https://lh3.googleusercontent.com/gps-cs-s/APNQkAF3krvVRc-2QEgtqMPkxyqplLPpCMZHA3ziNwGXEnPOO46PjyKIEqIVLI8ENEjJkkQT9CWydjEtPB6EtoDLuhxwYGw6Pmoifm-KOMk8KW8FilRg3EPc_8h-GelMU90qZnjL6GlQjH2NBi8=w1920-h1080-k-no","https://lh3.googleusercontent.com/gps-cs-s/APNQkAF_eb4hF6LCHEKY_nbg60TYDKkPLnHhb6ABQit_B9vYBbxTX51NITEsrE8gQSMGQhPhvjfSeB9sbplJ1OT0yFmWFOSvF-UBWL9x6t3tbauI7rdmzi-QGewlPaIgKjLtp5MsU9Rh7__QJLDG=w1920-h1080-k-no","https://lh3.googleusercontent.com/gps-cs-s/APNQkAEVDRhWD3-XF8RV-0l3DxpPYvGkVn6apbn41WkHZ18KI93ilrWgvkQ8q_yx2f2dzU5kqo4yU3g6SOGEd6eV0HecClrOIw3ctv7iBmCRWcBqbfV_46UWPJOhxpKZ9Hkmhsd-T9zDX5Ot5iKQ=w1920-h1080-k-no","https://lh3.googleusercontent.com/gps-cs-s/APNQkAFAMLvOstKNfAQHShDN_zLNtOk1vdqqeVQmiSLOKBRXPca23Kw0nyyCxdIQEUHWLq25lLWJ-6mQAtlBSqWxWXUFCtYi6T_VV6dx_IpC0lWmzqcDiy71iBItdPhXC2--GJNMrtH_Zlkz4Lif=w1920-h1080-k-no","https://lh3.googleusercontent.com/gps-cs-s/APNQkAGCqExiYnL_ENSISJJqcSmN3rVX5vQLwSpxLNkrotaUTna2Mgb2yX8SZsZfyLIWlBGGMbOW2qw6dkSmhZX35XKQCn2C5pRJs6TQkBBQaBSzBnnScTbKcbiTBeYiJoC-BNSdTNGyVA97O6mM=w1920-h1080-k-no","https://lh3.googleusercontent.com/gps-cs-s/APNQkAF0zOzE9SlPqqqybP2Rc876tm1XgupVcUS2BZzqyKQvaK8PC_Nb0YCPEtgXLW8AWwekqEoYhzl0P1njIalPrLfsadmHcpI1194D_MiUkM0YSB2m2ZEqnGFryAtIhMb0Vi8AsUlMUPaLG4w=w1920-h1080-k-no","https://lh3.googleusercontent.com/gps-cs-s/APNQkAFmuxdJKO4G30VdwZTL495G9cGBRMFQByXvx_AEast6Qi8hjm2uN0tQOJmADIpPUHvgJiTGYLNEA6hNG7faK1bJfE2MoQpEgHhRYDzP5tndKh43oAh2u_CRyyjwQ-LsgFnTVe2B54qB7bU=w1920-h1080-k-no","https://lh3.googleusercontent.com/gps-cs-s/APNQkAHV_JXOoNOkJy43ZaruxuTvSIu4kew6kPj9-Fj4N-zdqPOcEl6Rgmq_q6S9BcEaRnpZaLrFVmMKP9THe2Lz6lmodt9Gybfpx0cLBnstWxNxYPwa_fN0JMcIHE_1lq0mAut4jz0ABPMOPNZe=w1920-h1080-k-no"
"Bowls Baby","https://lh3.googleusercontent.com/p/AF1QipNdCngQNtEtFDqtcv1_NQ3vzTYxzNKzQ33EP5-Z=w1920-h1080-k-no","https://lh3.googleusercontent.com/gps-cs-s/APNQkAFPLezW0lLdv4nsOonrPhrJXCrcSrUvjm25FPjZMLBM_TJtNTlqJaQLrL0x65Gg4jq_eEkWJffzZTuWhD-FBzJ8JrsMU3adNpzB3kWCxTLcrVQ9t7lg-GuM8B85qeenH3P-PQTnCUVTbUGn=w1920-h1080-k-no","https://lh3.googleusercontent.com/p/AF1QipPWhoWt9oGDw-DvoNZYpm7b1fZYHwj_DueCTJ-j=w1920-h1080-k-no","https://lh3.googleusercontent.com/proxy/gYN8sd_7beHSO5uxCcT9cttyCcX0mkdwix5BmwGwAY0WZFUYWLTVofQkv8Y2xfM9XYUzEqNA3UyI_LYMP8wRxwNSRCS5WZUNa61npqPuF4_Wm-bzLIl6i9hedvwORUwbkxx_GXEfE4naGjrccwHOHdDgFHUwwQ=w1920-h1080-k-no","https://lh3.googleusercontent.com/gps-cs-s/APNQkAHy75c0fNR74mCVHJ974q7IbWQ-mkYLQkwKjyMIZlFp1pIdmhBILUSextpxrfNyC9CbpaDN9xZ9beR2z5XeZpiJJnUBPqehMCkJjFSGuCWoEFYLAOpWblZjZEApAcAi_FmyB0pHnA=w1920-h1080-k-no","https://lh3.googleusercontent.com/gps-cs-s/APNQkAH4ayhyh32-6vM4GwtGwvaE_tOwCO4XuSacAd8nUs9qtEfqP8_fuSEpesqyXstHyEq7dV6J8OVt38_SgLA8tMXwukFqSqvqD7ChTP1R8uD3j4BC3H9Dvi4bDnQDWLqgwdebQ_r-8jJwdKz1=w1920-h1080-k-no","https://lh3.googleusercontent.com/gps-cs-s/APNQkAEdtQRkcp45iIfMJRuPFZBEuptxYsCH9mmOWbREzfD5OIak2pRhg9L48jb-9HAGJz2R4PeLyE0ZS_guLQk_BoIkxuIIs3vmZ7pb0QOmU5Rw9bSIag77KYUmjSUH1byoGNOzTBDg=w1920-h1080-k-no","https://lh3.googleusercontent.com/gps-cs-s/APNQkAHJF6msGrpgC6vDqz00HQwQGWiBUGFuRx5Q5koDu0SW2-nln8W0uA0eJUGg830UInQ2cfPzydZj2CsG_J4-iYW4cismoB1li6bZ6qz7ZxIjKkNrs9cSk_Wl8DUL5J2-Xl8B_vzW=w1920-h1080-k-no"
"Bodega Underground","https://lh3.googleusercontent.com/p/AF1QipPYFzfBI8B7qVYDdkrWzn1Zx_ZqTThAhnZ2MFOy=w1920-h1080-k-no","https://lh3.googleusercontent.com/gps-cs-s/APNQkAG3jVLoi0_mRXkBN5J7H4ti3IoxXCF4q8HENW82i4bmCX_Yz3N6eBUnE-nQQpguio-F8i1psykIdMj334A7iXsfl-DK8Ytg_sK5NGfFZ1VCgVxnCpss8aQG7Te44HFuCWju1udRrQ=w1920-h1080-k-no","https://lh3.googleusercontent.com/p/AF1QipMWSV_b1fjakj_x9d1YUc_sOHA2OdSpWuHaLNhM=w1920-h1080-k-no","https://lh3.googleusercontent.com/gps-cs-s/APNQkAG-k4jA03GcydYUI2-kqzWPGt4INOW8WXVnCME9QH6RE_T4hRa9eb4xKxBZSGbo63WOqMIFoChclk4dSzoIEGnLix7XBHjueNMtuZi650x75XycLXFhAReS1Nmho7WMdF4B1KIwGwM54ehX=w1920-h1080-k-no","https://lh3.googleusercontent.com/gps-cs-s/APNQkAF6VLiAC-MbuBxYbhoJbeceQN_fteZ7hRZ3yhe8alijPGvqk9oZv0gXQAOnanpPNMRR7za9xNazot16PsWcOChXXxCSKgoaiwu83a9NKFkz_OwXA7ydczyCxBl_gCKutPqa2Bj-5Itd_TTa=w1920-h1080-k-no","https://lh3.googleusercontent.com/gps-cs-s/APNQkAFDtU5LR2szaVhnBCDYhgXPZU1k4z9bhsBhmFFwh5tblamStGbZQP6apwsAYioJRFuZYrVooVtJ3pseAYpvCWpA_87QqtJlnB4_nuaqks3OFlFlbOxbDizrMR0gxldDqiWSH0vSaXYyi0uF=w1920-h1080-k-no","https://lh3.googleusercontent.com/gps-cs-s/APNQkAHeUlz96NCnr9b7OR6pEkiYbYeYcVtV_8wJFf9FYB5976KOBfOdiFI1SyqtMs98NExUvOEy1NKUf5QBG58yzgLwNsV3xGgeOPF0CDNNP31Pa6ipVPqPz6MqaFX0V_SfZylvJu2X4WWp3K0=w1920-h1080-k-no","https://lh3.googleusercontent.com/gps-cs-s/APNQkAGJaxdknRz2kewq8z76NY51SOU9Anofekcgip6G0jZPiRE4qlmQOWRF7f-DjbwSvYgZz34IyKGp04Sg0gfhN7-s85mBn8rTPRdMeK4q5VsAZvsjqZR0QBD8Di4suc6yPOed8aE=w1920-h1080-k-no"
"Nosh Galleria, Melbourne","https://lh3.googleusercontent.com/p/AF1QipMa2KB8AQRoIQcLOnnIqQmQntygnVd_6rNS7H-B=w1920-h1080-k-no","https://lh3.googleusercontent.com/gps-cs-s/APNQkAGysM919_K_7KokZq9C30MIFyJHAk46Y_WShRC5FscSpHcCz1AGDCxidO9s_TjCkDU3StNu5jWdW1bi4oVEm_Y3jm0TRcM8e5UOm1UJD_oLztB0Mo_IE3rFI26nfR8uBZ09XhJyDg=w1920-h1080-k-no","https://lh3.googleusercontent.com/p/AF1QipMfyZzvJCHOzDLo66btzLZmarc8kKIfxa-_MuK-=w1920-h1080-k-no","https://lh4.googleusercontent.com/proxy/m-nh6jh_ItmsFmFtksMREV4oOZgYZIJgCh8XMQgOPzX35f78vMMDVZcYFgHzquJXLieXwLP-0TjhB39aD_GRYRLroDjMz8jI5923YJc4glJHZYTADx0tWfp4ygEqF8Z6Sz-h4evoYJ8paY5ng7q_kVcE123btrs=w1920-h1080-k-no","https://lh4.googleusercontent.com/proxy/c5Fn_p7Mb3R8ADBOQI6qZvChXX4-GDoc_r4mqSK4N-WYk78X5EdLOpi1YktgnIRU6fu9KRle19W5wwnxlfCi6zHqEDFeMNSrrIOrU__ivJp89P9JvAh9GtOMlbPWXJJNSXO4PwmUGffdCFa7xgCW7PaCtyzFxQ=w1920-h1080-k-no","https://lh3.googleusercontent.com/gps-cs-s/APNQkAHaoSEM3m2F_0V521WfdYI6N-YMqzpUxHh-tppW7Ka3Lu2JJgom-6ri58vqK6JAVCMI_HX37aEoIUa0d0i4kZBdP6bXnofvG-If_PZfNjFPl9c6yvxIHH18nfQvqqtEJ-Fsa3YF1NnJScIc=w1920-h1080-k-no","https://lh3.googleusercontent.com/p/AF1QipO2a7hjtcewmOL7ZmNezWo_X0SkF27-u_7YfOZE=w1920-h1080-k-no","https://lh3.googleusercontent.com/gps-cs-s/APNQkAHduAvRifddQE_bWYMEYyza9SYZ0xtxZYcCuygksmwbZKoWLXk78GHGql8Zu-4dgMvCeqLkimcAUCc_M4P803Bj4qLuPemftf1WIwCKn4JYo-u8fw_1A_Dw-6cQgHuGEq6oCO_Z=w1920-h1080-k-no"
"Hotel Spencer Bar & Grill","https://lh3.googleusercontent.com/p/AF1QipOq94_tquhCOidYEPfcNPyAiRufQPg3wikwBd7u=w1920-h1080-k-no","https://lh3.googleusercontent.com/p/AF1QipP-t-mPLaGqNRELinnFJ0jY_3mg2OX_rwM7OF8u=w1920-h1080-k-no","https://lh3.googleusercontent.com/p/AF1QipPLyvMSPUe9cyV-iq0QoVtvylmKNfcg7f80nJVT=w1920-h1080-k-no","https://lh3.googleusercontent.com/p/AF1QipOQv4t_eSDwoViGHkZnA2jlBPxjxl25CeKlmqjW=w1920-h1080-k-no","https://lh3.googleusercontent.com/p/AF1QipMBw7TJZ_sxU_b3E4PTi-ePoPwTYzwHD0cyHg1q=w1920-h1080-k-no","https://lh3.googleusercontent.com/p/AF1QipOQh92KpPjPr75cvIN2W4UDvW7IZ3C6iLKiT-LG=w1920-h1080-k-no","https://lh3.googleusercontent.com/p/AF1QipM0dTHvy7U0ctElsnNFhFhCabe_Dp7XOE-y-7QM=w1920-h1080-k-no","https://lh3.googleusercontent.com/p/AF1QipO1vPONyFHOrOK-4qt-kuHQWaElgKlUHKGnWwvj=w1920-h1080-k-no"
"Fatto a Mano","https://lh3.googleusercontent.com/gps-cs-s/APNQkAFhGriBbDLY9Df9rtcybiLiNXbKP_a3gEK3FkYH98cf_XQCZCG7-svUgYIka3AVLX4vn6I3cBIkx8w07Sr50a2q0xMnNtbgCyVnsS7PjPlFTcX5lXc19uO1VZAlCYidYmux2fMEVRhEriAp=w1920-h1080-k-no","https://lh3.googleusercontent.com/gps-cs-s/APNQkAHeLfjK1iaOWMxP4cUWZs3Qsa8QermdaX5zBwH3DFQVemW3XDphGVU6YlYIt6JHr5O0ro1lVol5sxQCxkWWtmuGUMivkeKjNZPsmIElGxYly5Q6iTg5IBnNHzsAeVCJc19h_UkP=w1920-h1080-k-no","https://lh3.googleusercontent.com/gps-cs-s/APNQkAFIsD6QN6V9ljgoWp0-FJNK8dwVi0ZFEhMTSArgmxUidvXbkyNpOsrHMBqJrwKtLo-tpzs0Jhzs_ZTw_VX1taRbJlCL7_eopnxvCDSDYSWTT-6F7sBtacGDt73pl97HBieBkvQKT8oDK8_T=w1920-h1080-k-no","https://lh3.googleusercontent.com/gps-cs-s/APNQkAHT53XkH50hokCGXQJWqdqhyW0xgRTBfZzYuRUJ5JXARKjJufcDnWxMHpGMDqVAeYt_oLYIG_LBSooHRdT-pJCTiStqpp4II_sfAg-tg0PRaH7f0QugvB947C-1r95Tse6CWkgeDjEV80Tn=w1920-h1080-k-no","https://lh3.googleusercontent.com/gps-cs-s/APNQkAEEAJJH3pLERXX5jYMrH9sPT0rJFGR8b-GzTgBd0de_gM6hqpALekHCjdUpUQBoTeFLU5ijemVej7wLhpAEK1WjCvZGyFdC3W2aIgnyLit7MUyMRjUNm338Vu6H1g_kuqtH9mY0Pw=w1920-h1080-k-no","https://lh3.googleusercontent.com/gps-cs-s/APNQkAFFyWzi5-iQ_arA4zRzQm1H5xH8Coh-jiJZ2vEkqueMiT4zf8M3NrWykvQwPj-5wBe6kFWy3JCwlIKzM8b0FPZYfhpu-XhL4FktuYWpDY503TCCojAPbrIiw5WTo4kXLNo5_USb=w1920-h1080-k-no","https://lh3.googleusercontent.com/gps-cs-s/APNQkAG2V6n_kVJlQnwDtC68xtVy7VF_ZgS0Ru28J8_kc_93jjGh1VD2x31R50D6ByYh1AqeGBEJcoEUDcjIqjj2QCSorsrsONoXRuIk3osvEa7wIFCLfgPX02FnpE5O1WxUefBPadk=w1920-h1080-k-no","https://lh3.googleusercontent.com/gps-cs-s/APNQkAE6ibwsvLjcX3HVvzugQqxcbFktCm9TgCR3YjdGW8WPUPRfIh-G84BAH_Cdlhd_7b-u-mqzDFa7RbvsCDk6Z96WkF2GdricTJvhsJyYLNENn6d6P5lP0pwlLvEfC6aDSngSgH20IQ=w1920-h1080-k-no"
"Onigiri Norissong","https://lh3.googleusercontent.com/p/AF1QipPMJY-amMM6uBEgx9AJj5L5NSwZOtPNawidwI-p=w1920-h1080-k-no","https://lh3.googleusercontent.com/gps-cs-s/APNQkAHBCTWNLxMbO6pTOyqst5mUEunS4_BzCBDvAP0qvu_USiKd-HfDiQ-Dr4CiJMQX0ZPdp_WL-JvmZfxrHxy-hLIA91Byd4ij5Vu9siGgHNeVp0KeN7CL6NV-cCDmSboTFssB4nVffGrr5iM=w1920-h1080-k-no","https://lh3.googleusercontent.com/gps-cs-s/APNQkAEF3EEQPIiGy7r4Pk9PPItShtCjRMX6mFH0mXkGTzizDAps6yodyJNvdh-NSOJkcEbOjIR3PLqe9NL7oisQ25AgIkihd55sk2cuMEAZxJEXuG78IzAVyOmynW4ZhGwfFuCU-h8A7CzhJ7BG=w1920-h1080-k-no","https://lh3.googleusercontent.com/gps-cs-s/APNQkAFvejnER95Ihj0eeO0TPmCBoW-RjpzPwz3XHY5G4byqUCMpT6KauOxEkbUZS_OE5pFhkTD_DnlrLcs1Eh0aGtrMxXl3-6WY7fZPqYPlmdk8_rqMptoRs5Sg4CVTT2iVYyIeAsyk=w1920-h1080-k-no","https://lh3.googleusercontent.com/gps-cs-s/APNQkAECgQmtUS6lTvqkY_yOoLuiwle1XKFZRPztpgq_sxARw9Xr8XkFcLJFwyQgBYh3A2fVb0OiKmL732QwHlBRy7WbtZfXYdelsMZCQtavs6DKhucUEtnjS4LgTEyf2LEtKr-Mp7mpQn5R-fo=w1920-h1080-k-no","https://lh3.googleusercontent.com/gps-cs-s/APNQkAHZZR4PH5K_0VuKVA5S-vnvNV_PlGOJz8psIMqraB1CzTdeC58s1Y-1KUQ_yFi1oa9avoIfHXlaIPJOtz6topcGstVgpUphkzEJGMz8c5vKMNpDb8IAmT8txdEiFtkvqxvJMayvNftnpe6b=w1920-h1080-k-no","https://lh3.googleusercontent.com/gps-cs-s/APNQkAFB-k8rmC6MwUIxon_F6JeBchwNZCraOcXKvlfnPRSI-jifuKSapajXZTZfJgp_O7BVVSLZKctfbLDEWdVZQzE7hxn4dnChcyP1URVkaunnw_whikQNtHcA53T9chFgAzpuN5-lOYRx4RCA=w1920-h1080-k-no","https://lh3.googleusercontent.com/gps-cs-s/APNQkAHaoam-UC9mT5qcRbMlvtrXCg5oLsGV39VNhf91I0C8N4I2pmgHFL1c-ZIR4h5ckSlduLoej1hseZ9GQHZeSAwb0zmo96WeSI9VTEwzmRqyln8XIFx-RNXhhZ4NAQHQth3I4QEbek_z5_PD=w1920-h1080-k-no"
"Regretless - Low Carb Pleasure","https://lh3.googleusercontent.com/p/AF1QipOMPQH68-dlJmTdoEFIiacVZR3zsjCF-KvND6-w=w1920-h1080-k-no","https://lh3.googleusercontent.com/p/AF1QipNdS9wNTFWbuoSzYveoMQ8qgi5-pcuRhy-mbVvc=w1920-h1080-k-no","https://lh3.googleusercontent.com/p/AF1QipOwhgminZKLXqFy5-3J9uGC2Ku9MwzL3IJnRuvU=w1920-h1080-k-no","https://lh3.googleusercontent.com/gps-cs-s/APNQkAF9ykENZfhAEOlDFtxI_GGHlUJVH2pF5UbvVfn1TY0VH_foW5oDzb95jV_jor6qjP60Z77BFXj5hbey3zFRH2YonzY0CWiAJ57Ot5j_No1pDC-xDW1N9pJhuzWzChZppOw_YTNIK4LuTAMI=w1920-h1080-k-no","https://lh3.googleusercontent.com/gps-cs-s/APNQkAGacy-XN7KFsKG-NswJQdS-6aGavVNo4NwLGZV_yjjNOngv_jVsz2EzDW4o3SJXrxaVdvvrsgaoo9UEiNdKjrapYxcBIGDSyPSSU6EYF18H9R7la488fB613_BVzbJoHfhKAV0uXR4fqlvo=w1920-h1080-k-no","https://lh3.googleusercontent.com/gps-cs-s/APNQkAHbOu1XX4EvQh1scsNezZNc2TtjU7C10Rfwa2KTkvXcoUPu7nHLnbroSjeDZx6ljN83vM2EbF_lJgHe3jIoeNgPyOktl5HIRTt7Z60BqU9SwVbfrrJ_v_tRXWpWkjMWocMJX9QFIZloYpXv=w1920-h1080-k-no","https://lh3.googleusercontent.com/gps-cs-s/APNQkAGCMqBbxkbPLlc53L8eP8qqnW1TbxgZXBFVlWuehRLZL-q5Dtsrfd11aQx4vXM0aJu9jOn_P7yi35yYYRGnSZtRdbjAXUXD3uFBnMuYW1XGAOPG3GEfVhnDHuceF3j7gvAcGX3_lJx1awI=w1920-h1080-k-no","https://lh3.googleusercontent.com/p/AF1QipN5Vi2NwV_-AWmNbONTKi7-14YA-LpiInE8EmUL=w1920-h1080-k-no"
"Chocolate Buddha","https://lh3.googleusercontent.com/gps-cs-s/APNQkAG0-Ad24mzvtAcGs87zVNZGh_2CHObBo-GPr6o_fGjVGL8KiNCkDG28tWEZOmxIqiHxJSK1s5NsYeJe_BH6BR2Bv5fYchWnp6w91YH97QORntJfSJcRYTqNGBb_tE0JaG2qvBt18VLG8CQ=w1920-h1080-k-no","https://lh3.googleusercontent.com/gps-cs-s/APNQkAEc-dPI33cw8YfUv0fV6U3D2ApNOjcY73x7jR1otJQCMqjGDML5vFc21VbxgcSOA3HRS9QCGTfl1PRoLR9n0fZ8wWZnS1axEq_My-xHcj83xTTrQEjni7AtWBAbuTIamoy4uws14w=w1920-h1080-k-no","https://lh3.googleusercontent.com/p/AF1QipOznW-ajwaOevzEv3cKFBof_7KZ3xduWWdDuS0W=w1920-h1080-k-no","https://lh3.googleusercontent.com/gps-cs-s/APNQkAGPP5lxLEttTxwC9G2gKx2aOprPCDAtYNe-5jaWhkAO92ec0-tk7igtx3AcG12WF0r-5fmOxqVJAr7cFiCphiM4nnmpy5E9WsqT-FDWM-v36TfMhj4yfKjL4QHdTeIp9DvzrzIWgEFdk9Rv=w1920-h1080-k-no","https://lh3.googleusercontent.com/gps-cs-s/APNQkAFFfjDeddJVLLCvfTEE2Pko4xlkcjsdHYRimPAO2LSMhzvA_gfgdEK38_2cAS4mnMLUuTYw0FmiQjzsfOy_AG_JmJEDaH7ALILL-XTO_lK7IUSIjjKs81-aaXJScPoqAZzSVKQ2qcGZyzEz=w1920-h1080-k-no","https://lh3.googleusercontent.com/gps-cs-s/APNQkAGh9ncSqTZ068VIyI8cSEOzuuWN2Quv1dWZ-gCulByANAEUYmHRz1Yg1OPgZ0yMd0tlCi9zo7egCLbwRjoGu8ca7F2gcwetKurKzuG1qe-0Chgd8DRx_3QE6lh5beXm3PS_elAmvfQDx6TT=w1920-h1080-k-no","https://lh3.googleusercontent.com/gps-cs-s/APNQkAGet8wHBVjoSGNDFrTzSuP_OV2qFkvsKHVlcIgphU_FlROQKCTsT6z48ZCJiG-aVTZakjbFt6F8ra3I8EQVE67oeLlRzIvN0rV_TZXOEHTwTu79OnX2A6LcdrA2rxYloJtPypA=w1920-h1080-k-no","https://lh3.googleusercontent.com/gps-cs-s/APNQkAHyeAwSBGNBvHDDkO0SLc2_diKDXBOfpnvCylBsceu03qJQjmwLPj5MscSBtO_Bw4xKvck7UlMo_e35I_23E7KfR54VHqC25kQGf005u2ciUtbnEi88t-O5ZGZU9HT4HzEc12s9PA=w1920-h1080-k-no"
"Roule Galette","https://lh3.googleusercontent.com/p/AF1QipNAbsrkUVb8K8SXRU2KZZdJyVdV4mNMm79S3t8u=w1920-h1080-k-no","https://lh3.googleusercontent.com/gps-cs-s/APNQkAELIh1jxOT6UcWoMfyZa3fPU7jRpwx69DKIi7gscmIpRlZT4_lO6OeApUZDAvr_aWqPj-ZDfGlt9OCaivf9iSrWYilLeor6ZAhXVigaTvjpDABPBih8xx3eFhhIHa4okZxzypkJRg=w1920-h1080-k-no","https://lh3.googleusercontent.com/p/AF1QipMUPtGH-FxQ0KEK0OYXZqo-9-8lqQAKy55ZxL8O=w1920-h1080-k-no","https://lh3.googleusercontent.com/gps-cs-s/APNQkAER5P9agKN4k1klZ8NY5Ny4-T5I4mWJglY-Tljb4OCZNGEse1CFu7CfKdPHPslnotF0LVFEKVrqOxNNd3g3UM27DwiZVaa0lP4yAV82KXW3elFxJewovSfIIohERfbBQu5yvjkoSE-wnRY=w1920-h1080-k-no","https://lh3.googleusercontent.com/gps-cs-s/APNQkAG1DbKfdqa7zshUCBvelrMRpHE6zrffv_W1wI2emiQhiijishRkt2kLKpKAgjeiH7dTzPzJwjT8TrO9qnFgHMBxvh5VC67oqp57g9PG7XrOZ7xdMfCQov8-3AukiLMYZDZVDrSdezZLEIzS=w1920-h1080-k-no","https://lh3.googleusercontent.com/gps-cs-s/APNQkAGQyqjsGhWzTGsbHYIi_aBwpL2LhC982ld4STe_MAAoYbnlhLvxB2PvBFrTxGSYD6Ng0yJyHvBlvKo0Y1akxUR9C3bZX6_jZC8ZC_A6KP2ZanuuidYXomGMKrqxrWk8Lk-wwn848fzKDPkg=w1920-h1080-k-no","https://lh3.googleusercontent.com/gps-cs-s/APNQkAGL_TpVI_DCgYeasM6XKS-QfnlNfzxHVkSQ_ImeG8616Yn_j5DfEJDQpC7tEl34Pcp1JQJrXMRVGdS23af4Zd8J3cdA5tcxmDHt7Wx-a53UG4k8eVgP3pM4XLbaMatpo_JcVltR0gtsnkpN=w1920-h1080-k-no","https://lh3.googleusercontent.com/gps-cs-s/APNQkAFCle6JzA_KmkyOx3t2TmUXx3L5vV972SNgWay18hqYRBPtk71Bm_Ezfo-xLRsax25uR9jGmyVY1FlzqODe7rUcawRFjWKDaFAbvrNWKVy-gGVN3corALrWE5kSE51l8jo12Xsm=w1920-h1080-k-no"
"Romo Pizza Bar","https://lh3.googleusercontent.com/gps-cs-s/APNQkAGPSsm4NvDD841C5MU5ni3IhMYJMR4b56mtOz1Bxepy-DF3lQETQaWQkFX1WXhKyMoL9cwZX6Ydu3cN-Ve9OEWT-IRgyebR6x5lpUteoJwmDW0zGWc9npiYLK9gKpcaxk5mGg71COY_quxU=w1920-h1080-k-no","https://lh3.googleusercontent.com/gps-cs-s/APNQkAGqwqy6Ec7a-qhkVa6Tupp-V3o1AGYLvs3-w4-lwp4yxblUoFgFtyHx5LoMjNPRkbsgALBMFTT3kjuV9bQDsEmIH3dIjjNGvitUFEXQgPYE9QQ_GQtbIUgUInLcX1F7z9A_u6fr=w1920-h1080-k-no","https://lh3.googleusercontent.com/gps-cs-s/APNQkAFjCGmptGaKn9-8mL6lG2ifSMAwH-t3S-SxG1Paz_Gjgi6JDWxxjKo0Im_hYL7Eh7LX8ebcNTqZfCoNBKpn1bodpON_xV1f2wG5bHlE9-wwzsCDiYXsTzYpytI1EqMNcBwD2TjbYzh3qqnB=w1920-h1080-k-no","https://lh3.googleusercontent.com/p/AF1QipNXtAUBoPaHOGKZkQj7fUAj6h3-7txcsvUlNfhO=w1920-h1080-k-no","https://lh3.googleusercontent.com/gps-cs-s/APNQkAGM1PM8_BN7Js2Nosg7UUfa43XVEz4F9EwDLsT8rQcVwi3MHKKGwxmPDKX2b6CY9PQUhh1f5wU3mGtQY0-THw-TcMBfa-Ae18okCH8rkLLYgJq3X7gw7_qjzhdar5TSUoSiRMQGxsbHtX0M=w1920-h1080-k-no","https://lh3.googleusercontent.com/gps-cs-s/APNQkAGN3rAmuy5T3_f8oEdTxZjgZzjgX4dCHEsu3msCTqyLc6JRQeJ8tSDZaQbeGUGBnPy4gsjQPSWZ6ieZbDvz2ApTgX51sIErUtgq3WAOrWiAutmpDJkGJYoWm8iVAXE8wVO-3BE-YpAKV2Fq=w1920-h1080-k-no","https://lh3.googleusercontent.com/gps-cs-s/APNQkAEHjF5NpgqZ0GMSXONkRKW0qzbTLKqgjd7dhhpEl1bYG8lHJz97EhzhvbUbaWqZmuTWWKdU0q_3t6h12yS_V1EVB0SRT0aFmiRyg-CjqqaSYvBQXnX3I-iU5QyC1gv7QZyWV_kepVLt1x8d=w1920-h1080-k-no","https://lh3.googleusercontent.com/gps-cs-s/APNQkAEFwmCdu2No5yM-iLpNXYMsTfqLqdjIc_7rtPzVGjmzCongFJLREJ7K8haSuWfSDwwlpABcF64Sie7I4P0LO9EqcRgNngyq3htvNM9VR6xDHxNuxkCSfEmeiOQbdkSHmRlzaZZJ=w1920-h1080-k-no"
"Roccella Italian Restaurant East Melbourne","https://lh3.googleusercontent.com/p/AF1QipMj6db2rvi-HAQiRjozk3Gmv4IumElgRNNAIgLa=w1920-h1080-k-no","https://lh3.googleusercontent.com/gps-cs-s/APNQkAGSKZ_4zF6rEG5XOIs3Fr5H0GeP7EkBXT6n_NlZmAPZ3ChhOOKwydiwV6FYg1oO0llVbDrajUY3CMRCBTcUi1LwpAq-nU_fcjf-5X08qDcFS4tNQWpTrH4ny7kP9vTeMewritwSdeFSWGFO=w1920-h1080-k-no","https://lh3.googleusercontent.com/p/AF1QipMlK4Az2GmdsssPjDEnB6edkGEcpkcT_KWZlarn=w1920-h1080-k-no","https://lh3.googleusercontent.com/gps-cs-s/APNQkAHHpnWQJGEus0YNh0UHg6xgfRW-inOlvfCr0wamtwAP04O7nmajoVY0NrOArWMOPrQPKwFQiW5G4mQptq3Fv3aADFTbFg2Sulf0bO2z8g0a91XiQQ4iJdrn84-RHJGggefJQMlQZW4e_60=w1920-h1080-k-no","https://lh3.googleusercontent.com/gps-cs-s/APNQkAHvvPjfQZEVBJ_vFJFWEybprPV8NbYVZfypWSLyChodS9MU5ZXe0SZ_QtI-25pKHCv0gUZKB5gQ7uydx_kX0Hg3wXg6rm3l12ZMLBw6FDck_HVSrsN7SLWOepTXRuZYIbCalZDJ5d6iTcXt=w1920-h1080-k-no","https://lh3.googleusercontent.com/gps-cs-s/APNQkAHyMR2oCk--s5i-cL6THbJDjkeQX4bm4naa_yw_mNW2ey-uDPe-7Xy_dsGhXLR8lIuz9qbYN2CY7ipJ430p6ibyJqlT44HqHDVJr2QbDcZBs_8qaIWDxE7MCgnsl7fL2afuZru5GvD0_hYr=w1920-h1080-k-no","https://lh3.googleusercontent.com/gps-cs-s/APNQkAEYf49MqwGpsl70cYtOrvwE2M-Nj5RZnChMzwWfe-Ai06uLNhwjNcAM6o72lr-nc2KaQ-vZ8B9vS0zyCOfZa0worM42KP3J3SA9mHPQt5Ox4-yFuO0bJYgzs8iM4Y-sAsq_sKkP6mbB8KG9=w1920-h1080-k-no","https://lh3.googleusercontent.com/gps-cs-s/APNQkAGvu30X0i03CRgunF_tfO02w4C_mOuuk-u8Y_b9Ty4gv1DJfZY75wahaC5Yjyo-s3_YXbXkyIAerEu43Xll_hwcqwdswFTlrgL5mDIlNZs2nT-eqp23bXdg-c0cF7KDzTM5LjTuSdnIw7CW=w1920-h1080-k-no"
"Hotel Nacional","https://lh3.googleusercontent.com/p/AF1QipMVG8M-hWCwJAJSo2SuJRgdwxX1Z2Rtti53mABb=w1920-h1080-k-no","https://lh3.googleusercontent.com/gps-cs-s/APNQkAGN6J6UvSqFmHLgLVUq3zMeVA9U0bBQHLpZWjM5lv29rrecxcUxJBmzIfCDEwBZ7lpB4H6X-5LgTfojI7ltTr6h_7Iw8yWSBbsNnxieXaeSFIV6iiKiO6AjwgKsQYJY9jJw678pGJ2dzTle=w1920-h1080-k-no","https://lh3.googleusercontent.com/gps-cs-s/APNQkAHodNexgPXw_TNiwRGjgihaJcVMI6fSH__AlCx4uNgwwZSi2qYx_5N4OG7FaoI2fL7t3G5kTidlZNgbvZgRkEk2yXuB57gpSe7jDY-IEMWPDSDCwdtGaidK4n7L0eHdlQNMfEDwckr7Tnc=w1920-h1080-k-no","https://lh3.googleusercontent.com/p/AF1QipMLzzCopLgldsGNQd_FcHA1sq2VWvZLJ0pvT6LL=w1920-h1080-k-no","https://lh3.googleusercontent.com/gps-cs-s/APNQkAEKFjl2tQlGbPAzDI_dYV7mpf3fr8vFWHqxLOtj-YhOaH-bHRNyT1cC126YSs8RphOEO7akdyXBy0MAOREori_toLBPAT1_eAdKGEDdQBwWuRniqgO255Fe19Y6nhSbq55cltHfXKRiQvrk=w1920-h1080-k-no","https://lh3.googleusercontent.com/gps-cs-s/APNQkAGp2hdMygW-sanAqawDOHz-JMnhnPZe81Rq-y2Qz7XdOz-tFbHfgMAGtZ2tCzGu-wd_CmILkmteDAWedOw37itAbF4l7_tMv-SqxGdYqAUm3zjc2I_R8VaINI90jqtZlXrDUW_h6i7BR3K3=w1920-h1080-k-no","https://lh3.googleusercontent.com/p/AF1QipPM7o_4l4pc5rYB7HBVhiX9SptY_5lIIKO8eAOv=w1920-h1080-k-no","https://lh3.googleusercontent.com/gps-cs-s/APNQkAFZ3Vo2MpjgzKjpKWSMu4kmULOJF765L8qO-cwjSYDTbCJhbxuBS1oGqrn2c5TUQDudV9N4w5ZoML7skmiaqfLH5KZeDBznJJHRDjqzVa0w4pg9RUjbG5C6A0ASNT1TMNacqLi7pH6e0yCA=w1920-h1080-k-no"
"Seedling Cafe","https://lh3.googleusercontent.com/p/AF1QipNpm99VvC7p__wnRmV2N-mCG1-tNzXC8kr_EEKR=w1920-h1080-k-no","https://lh3.googleusercontent.com/gps-cs-s/APNQkAGMlG-DHPdUrA0sTNq4o5MyNBiPbRRZiyZo1j73NqJidaVjEVC9Xgb_PZcMcpZC9iAhkAPhetmshOgSGqw6rZhcX-pRrNSZ4ne1x5t4zdfNeus9u7jKl3zfKpqearQ25qIOUK2g=w1920-h1080-k-no","https://lh3.googleusercontent.com/gps-cs-s/APNQkAE_L_VZzIsHSf8rgzECD3BsuWrtaoNcHOdNTufB5At55rekExQrT2Wc98s5hhbrcji6UBOqlOo8mqTPozUUINF7Ca3mrrhgWrPqCNzm5Ob2B2Q5P0JwViu4eXtSIdrn8JRyDbITn_4BpVN8=w1920-h1080-k-no","https://lh3.googleusercontent.com/p/AF1QipMUGUyp6baVLOzXcDya8FsYPFjb3YYJ8Vf2AKzK=w1920-h1080-k-no","https://lh3.googleusercontent.com/gps-cs-s/APNQkAG0nBEsO8k3JjlKIcOmu9t64tdGvYqhOcZYj91SoSGh19032CM7v4N_2AtcntQIPgAf4PAUq0AATuAFUlDkdyOE9mzzKJAtsQ2-Bdo02TKPCe5SRCQ30efYOVh1VnYqS1XGsIWCXSV68dAG=w1920-h1080-k-no","https://lh3.googleusercontent.com/gps-cs-s/APNQkAF1gIPfhxYfJiY76f9T8GU_nACDyKK3EQqGJq2alnLcfvBpXwQKTtNsnQxG6HE5LOVQb4Phvi9HsSCcmuT3Asg_kTbm_R_h8oK60aMeLfYhOyNK2BRPDMVXSK-rBwfpS9gYA9re4Q=w1920-h1080-k-no","https://lh3.googleusercontent.com/gps-cs-s/APNQkAEBBZPIQU0CraHhyTWcVXR3Au9CSnMT8PxZUmzKRQlgDwM05y-U-3yTRi87GJtoFvev9mNMmzYscADGzk0N9CpF41fy8CzHM8WJjWl1iXmRapNb-POds40Jb8PH-xdTimbU2JNnXMX2s8Li=w1920-h1080-k-no","https://lh3.googleusercontent.com/gps-cs-s/APNQkAHRPaNLDNYf2I7VhpiiH306kdafd6fGHHTijNZpuZFfd9qvzTg4FYQYoo3F_GHrYbUNSoan9y8uknbrR0__HbQ3SHFwjmRoB19cblE8H06oK0lw3fhQ2iiDVJKbg_KpI0Omnsvq501IE1D5=w1920-h1080-k-no"
"Kudo","https://lh3.googleusercontent.com/gps-cs-s/APNQkAEncYuA7Vna9EDURQILCa8PePw5fnJ-iDNnN5V53A3ArDxwZNzY6v7kXOqNhmX67Rq9JItJpzyR-uOs3iWpmpAyKEdgynHAhlJ_Tmi04jppQ6foEAR4kfc2IOwjP-wJGe3gFCI=w1920-h1080-k-no","https://lh3.googleusercontent.com/gps-cs-s/APNQkAH_6_jPEDwAgvPsSXejb7Gf8tQTY2Vw_3UmbCDC1pYj5lGtQqiLP_0MuyzUt3zkoU0JMTSgI3gEpXT_NZd9Bl0y2kccpLIk4r2ekLmSJ15kaH1MKXhIMq3OKdtBX1spBlQWQrSo=w1920-h1080-k-no","https://lh3.googleusercontent.com/p/AF1QipNHy6J3u1KpEPCwYSYOFtN7pjqA09fbkSW2e6Qw=w1920-h1080-k-no","https://lh3.googleusercontent.com/gps-cs-s/APNQkAFqfEoQ8ueMa-ce4tXEZBjmTmBUDXzOXpPNRXryGgdQd8OgWrIFMuiviKCeX0mDwAgAEU5M8tszGqqysePrYmAxy8Vs7e4ia8fPBAgl3zjh8NCOa6ShQ_hGoFMsQHoeSHSqAciK8ezXXYo9=w1920-h1080-k-no","https://lh3.googleusercontent.com/gps-cs-s/APNQkAGQC5qJAmMQWyDMQKbt2Od3db_f0R2mk501FAUL_oEpJRkapEG9nFgYcrMeZtw8blBcYdKSOUVvMJP6N6YsTUSttThQJKIvaIDjcmcmRP9fJsmM-Jfa8Vy9X78ih28n0ysE43L86LMYtko=w1920-h1080-k-no","https://lh3.googleusercontent.com/gps-cs-s/APNQkAHnlvSnNjtH2bmBh_X436zy3h1gxfRZ-uZr81_1whzOsmuyN7jh3Och0M3c_Rx57dHtg_lcvUOu2y6XqsW9zBk5Z-_h6b1hvAera3R3M9-WzwcMO22L_rKjJhIC4cXFxDr6--VU3uXlsDWR=w1920-h1080-k-no","https://lh3.googleusercontent.com/gps-cs-s/APNQkAGi0p-Tyb4OI034-vLVZl3aBAeLw5_IJu8er7p-FZauJKnKmia2T9Xz-4B5a-NkGUKVVM4n6UhEk5ft6yXV6DCLbabeq5tP70GQdYI6DzaPTXn08MX3PwDEDurinbwYdU9vzHYKxXOU-TC6=w1920-h1080-k-no","https://lh3.googleusercontent.com/gps-cs-s/APNQkAGe4GBY4hZgxJeeOuOknzm8_nNjdoJpOLlYAE0pO9oakQtkRbg_Om2hFKTv7M_6Rtk1NzG21hZBBfb4hQ9-V0NeSEGLrijACNbBH0HswBQTmw3TqKTXxHSkhOnonzGtBt3ecg=w1920-h1080-k-no"
"Square & Compass","https://lh3.googleusercontent.com/gps-cs-s/APNQkAFzFD8CyySLTd_J8o9J9mmSqo5SQK9DuCVBSQznhVr8YDJT8YxttmIV7PhM5sRj4-CQYRlrNMEZ4_cC2BIBwyPlAbIk3ThsdvjLsLRvWiIsizdl8BgWOLBM7V4JhbsXET6cRKejDnNia6h-=w1920-h1080-k-no","https://lh3.googleusercontent.com/gps-cs-s/APNQkAEIwta42r86N7aAKblUt1yJGwLiGD8A358CeqVkRoQ09c6I8j2uPSREktxJ_JCM9dQGRKNoMXJxDS-Pjs9_XQmNbQfGAUcT19iSiV5QyC-XFxqnxnBa9L49r_bxB7UAHKWWX8hv=w1920-h1080-k-no","https://lh3.googleusercontent.com/gps-cs-s/APNQkAGZbWEOHdrmD63B46MVHgGPhKv8NX6DAlLbp8iaValCFOweKdTx8td3Uj4Qv-S6Ou9OVQEdXO3JDJuEkOFQMRrd9C8rwqRSBmCYZY86i3xxk4wpUD5bq673_2Py6szwyFqFhOG1J4mwbhKS=w1920-h1080-k-no","https://lh3.googleusercontent.com/p/AF1QipOAb_hgp_nvYP-2PuWaIM0sZXRJ5X0GTpP9X6hD=w1920-h1080-k-no","https://lh3.googleusercontent.com/gps-cs-s/APNQkAE-glKEX7g41yvjw2JDN3o103caU6E6OH2--wcjIbQPVu9LHibNmETaAjfAdUefjzkPgfDCgHcH-r9-k6KYK04ztIVkORTxmn9e1KlR_J5y5-fYr8BoJUD3bkjW5cFGSui0UfrWMmt8ESeh=w1920-h1080-k-no","https://lh3.googleusercontent.com/gps-cs-s/APNQkAG6B2p-0RMUMaqx53CxdGRPxybVTSjThWkCmMeLQnH4PgXWu6NxpMd1N5FEko4Ko6WVAQKV-yOjvcZVaknn7yuFXNiPV3HiyuvWtmeE1U3qdtUrZQWXFpOs9Xu3lztI6Wg05ImzE2I81qs=w1920-h1080-k-no","https://lh3.googleusercontent.com/p/AF1QipP-SivMowtUmbShPjo4NdKaxTC3YnCDwu0n3mon=w1920-h1080-k-no","https://lh3.googleusercontent.com/p/AF1QipPxBUOCsN7KqvFwn-pRMmGFZnmYJcCtkzJSI0GE=w1920-h1080-k-no"
"Piccolina Gelateria","https://lh3.googleusercontent.com/p/AF1QipOePkg7nq8Q37V8Up2zas7F-k5ivOygJo8_GtQx=w1920-h1080-k-no","https://lh3.googleusercontent.com/gps-cs-s/APNQkAE1NdXqlpeE5mHeK4bQZDoVkBiLpbhvk7XRxOOQrfEEKyS0yAUSlusVNlEax9T1a__4_X6AYHeBhfgNT_4ZJTOnX3ALRPSzoDVCl5chprdgJxQhhodFvk8QoOu66Qj1CTXgCaI=w1920-h1080-k-no","https://lh3.googleusercontent.com/gps-cs-s/APNQkAFDgDXzQhzpljAJnUQCDFWLzW36Ww6UZTrCq-WTR2OOnQcJpuTNj8qZ0bdYW9BjN3PCYiEft1bCJpTdAsW_3cHXxdIRdb3R-d66z-wfobJrmynyNexBXEI4loX8BVADcGjGZyDEw0c-oYo=w1920-h1080-k-no","https://lh3.googleusercontent.com/gps-cs-s/APNQkAG_upxVI5jGnm2UBSw8b8ar5GyYL9CxsDsXPy3eRfmZv6H_vI3kITXEUzqNzD-p1ny7y8KXiBtLVXZbLZ0GMv3KoV8mLi2r36su2fqB1VJ0y7HG_-ocZjapRPTLcYQsa7iykTLfk6oyuwY=w1920-h1080-k-no","https://lh3.googleusercontent.com/p/AF1QipOVr1ZVjPD2mwSefI__wY8RKlpm-c1KD3XHK_aQ=w1920-h1080-k-no","https://lh3.googleusercontent.com/gps-cs-s/APNQkAHbRCZFVtKhrLD9xQvomng4ToUdbGA_msSMxh0u1tsb65GO75vYnDFbRT_GEdgL-9X3XjrSNpCHmLxsOMLehxq7aUrQTZ8KUSKbm09QnbkQZNV4AFyt2dHzJmGR2j_sS4w51WBQdKrgQzU=w1920-h1080-k-no","https://lh3.googleusercontent.com/gps-cs-s/APNQkAETJulQvhI3ZhqqAbzb6QJFrX87G2dZJDAi7JD0GEjF_2_ncc4jqFLDSnw5Z-vlLj2w2DmiT2d0uTjQBYYSLQQ2WdIEez_i61mc-61pzH2NXIIoRe3wsUna9GBQzLbodSonBHEfZHQ02xNF=w1920-h1080-k-no","https://lh3.googleusercontent.com/gps-cs-s/APNQkAGWZGI4OFgiHgXGMAAy-gCegnJiOgHbPvpKPV4cGkQeHunIUXctWMz2M6Bxd-Jc4POk-iwFc2mAtiQ3TXf_0iXB-QpqqNy2KTgqg74sfA8INtla3PCYPUopJmnAZdqVelomSDbF=w1920-h1080-k-no"
"Spaghetti Tree","https://lh3.googleusercontent.com/p/AF1QipOpKpA5MrXMAvovbWt4s-v5dN3q4wjKdW5bvjBj=w1920-h1080-k-no","https://lh3.googleusercontent.com/gps-cs-s/APNQkAHqoUKereoK3Ne1FBZKPVLmurKEeJjiPm2H6Dy1W9PwiCVxFJEZbm1tXGUNaZLayxcRT1uAyy3nssvt-dA5cEki1dh6c--_bGblZ4WxlFYygGLEMHOxQFIRyM7KhzKRW99HqS6PtQ=w1920-h1080-k-no","https://lh3.googleusercontent.com/gps-cs-s/APNQkAE6hMVw8NXHnILTpJozveEZcZHvwZ_3Zp6hAJZYuyAz06om9xC1T5a4wLSKhcP34sR0G61oXqGn9EoFK1z_U26-iyAV4V2qKeiXo5c6doDdjytj7A9BS6ptA_MKjyxiBMlUCWYFs-9bct3s=w1920-h1080-k-no","https://lh3.googleusercontent.com/gps-cs-s/APNQkAGCgfKTL66NGmvn8n5IyD-g8JKJ6iC0Sn_n_TxCyJaGO4FdS-A6DZxmWddoCDRvJ9qLSD8cwQOOWL3ZE9NZwKcYBSTw4_EiXucWXH8XmsyyHLGuJcXywLgvhSMaDQ2qoiqXla7s=w1920-h1080-k-no","https://lh3.googleusercontent.com/gps-cs-s/APNQkAHWjQgaMSWylFHxw6nqoN9aDnAFDb0MYVQpTuh7GVM4d8n55HTWvEV2ypGeIwhsW5-4vezQSP-brx7Sypr_DcPQu2Nd_O9MKbPM9gLwak_IuSK_HxkaRRtoXGmLxxzqRvwb831F=w1920-h1080-k-no","https://lh3.googleusercontent.com/gps-cs-s/APNQkAEhbn9Hkkf9US2HHUdO4hVaptmIyIUEK8jex7R9QSpA59GeTkn4Bib9nodJ0ugKpfGhmS4diWQTRkAkLEVkR_JKPpFmRdTTUreLX9aBXZZcMbkRokDkwF9_BIc8yxwA66zz5y7JHWlBgadS=w1920-h1080-k-no","https://lh3.googleusercontent.com/gps-cs-s/APNQkAFKIy0rTOnkmoxXu3hCUKI-mqNPb9xJFgshQyb7IeP4cutHRqFHJ4YiB99oGxnjRowR_gS1eS8esVp4rVT_TNjhjyStoGcelmCLe2w0LxQqcD9WGmDwCxJue77k9HmyQQqEv5BKPBFwTds=w1920-h1080-k-no","https://lh3.googleusercontent.com/gps-cs-s/APNQkAFIDIEwF3MG_t7erh3D5_nqwOosFDhkavPD0gqQoixPlsdBJkMUeo9ij_u8dvD_pQetriuva6vAdEL0_awQtsNYqwwAMfEp5DYTOdDJdtPntu5HhzLSh2vQHEZ_3I1E7ArIGhfk=w1920-h1080-k-no"
"My Goodness","https://lh3.googleusercontent.com/p/AF1QipOr7Xc3tb-LwWnyMwswrlIre7ZwYQCz2kg_D3k=w1920-h1080-k-no","https://lh3.googleusercontent.com/gps-cs-s/APNQkAHnayxWFBvM4M9PO1NVaXbc7vhcJxbHf5dveb5SWQpk8vsq39l_k9Q1ivtzt8ZMLtKZKRaB_13oQrwztVZiMH-zwWk7XOmOA0x4hcat-2GBluNjnS-XDLW-D3-NKSagQ1cVDE1s=w1920-h1080-k-no","https://lh3.googleusercontent.com/gps-cs-s/APNQkAHKBcU8W8R3vlYUQlaBJkKuVMeR66XS6czNS-KOU6hiY53GB2ItJeOiO9qBdfx9OMKmKhrnZEAM9AVXvVNAqvqBprXTPZZOFVflVwySPQ1b7g0HYaa2Y8C_6oRCeHKs3fbuuGwb74TCs8SC=w1920-h1080-k-no","https://lh3.googleusercontent.com/gps-cs-s/APNQkAHD2kuBFP5rwqW3Nq5qWO9p1Vu5fYzx8lO0XpbnDrJvvxWqk4qaqHPueItIi6DALd6cxWLmtHKtGPPuw43lMdsEYH9VtDbHePWnGxqMvQ_ZVPduE6PMeAGTPYT4y90LqoEDkzyf=w1920-h1080-k-no","https://lh3.googleusercontent.com/gps-cs-s/APNQkAF18ZIfy_bM1OkoukYaBp3eg1zpF5_jAhvTP2vTc-FgkytM6zCKTRuvmY2xtm9JSDXyh2my3J0Mac5oc27cfBXxlkcnKyg8psUFy90GhkC7s-EfObsydoJ98KTubXR3axucdPHpiHOgu2oR=w1920-h1080-k-no","https://lh3.googleusercontent.com/gps-cs-s/APNQkAFIQvpGXUoSzWa73dHHbWDyfZd5rQYgDEvyhrsMxfW1EqLQv0kwTy_cgeDbTa6BzQpcyqgAKiNQ_REaA8aPpBsKwqfGW7XuYmJ8s-PoXfRV4spzD4IHIebteGHf7xc70aSG3ivIoJcZySs=w1920-h1080-k-no","https://lh3.googleusercontent.com/gps-cs-s/APNQkAFbdm3G86h6EgY3k6JZgNLvJVq1Rza0jaVSWbjaXF0V2XF7aLM__uNwKxFJGVUC0QfvBIe9BPVwlzOhx0a7BM63d-3_WC_6O4LsujzVL8y3B639JUId7N6FDeR2Ci0zdx8TY6Y=w1920-h1080-k-no","https://lh3.googleusercontent.com/gps-cs-s/APNQkAGaRYo5OiSOBo5vKXRgxXNBaQRBkOEJSpGigtyjPriRqSD3hkr_SfmYjOMbXIM2_u3TVndBJ2hAU6LPu_boRhVnm-246_63rn4AjIV4avofDSrgqNMbHcfk6GidbavNiSv4m9K9=w1920-h1080-k-no"
"Keki milk bar","https://lh3.googleusercontent.com/p/AF1QipPMWUQufjXawaOKs99aa7n-DiUs3DWP9aDe1rn1=w1920-h1080-k-no","https://lh3.googleusercontent.com/gps-cs-s/APNQkAHXMVkhj-dxr64ygljanCuO4vtzyLidBn__Pmwm25rpqfN7LjoAp3maeDDxZmN1b2boEcJVrkBKsL8LGzlQWlhy8edFO7HMZ9dmgPZFGnmMPjS16h9gZqc4Rqq8UjkwVnSFCmIUsTJgJuE=w1920-h1080-k-no","https://lh3.googleusercontent.com/gps-cs-s/APNQkAEdvmZ9v0LoKBE_KCQBHIpLr-kK40w0jxwECGE_qy7mg9AQEGzynWn2cSAHV_3gqVKkMcLGUZ2AXAAv1IasIlxWxMtmGs9ANpQQy-nbh6lfWHUPg6KUEfKdLOLqPB0T6ij4G5y1Lm-7VGbM=w1920-h1080-k-no","https://lh3.googleusercontent.com/p/AF1QipM_F-l3EDvoGpDFuiDEEqdjqAW9a74iAuxWa5Iw=w1920-h1080-k-no","https://lh3.googleusercontent.com/gps-cs-s/APNQkAG-qBxtu-khXZ2Dagp3MwR7V82_47zyxJJ7HGUOwbl8BwBjCWq_f5xQtNv92xtlp_HJOeKy0uw9DLOCFpX1ShLAn5kN9noDGOGV8_fBeXm8utfKQdnCUtJRXeybHSzJxSzoPJbxeDv2gTyX=w1920-h1080-k-no","https://lh3.googleusercontent.com/gps-cs-s/APNQkAEq87D51xGhVLnqaaQEJRgbGivhHqkwQ3plW3m5OIzou34sTzmCkZkPfNCxs9KCN8n_chny78sx9quoKFybJ-4sxKmWsvt5MQd1LAP-cbPLtjFc8AsbQcq6B81M8bLgJPZEJIzGHDW-RM-r=w1920-h1080-k-no","https://lh3.googleusercontent.com/gps-cs-s/APNQkAGsGzFqhI7eS6Kmu36hy0r5tt8KQ090SrxbSY_i8wnKL70GRchEUdzXFIaBqd_xvNvqvbgVmAF_45V9B39esW7UlkdG_elftmgL2xIxBXS53_aEdZCAODtphyEEjUO2CT5-cXCH=w1920-h1080-k-no","https://lh3.googleusercontent.com/gps-cs-s/APNQkAEQ-k_zNwTqsydf8zpHcTmyHi5db8ngfSvo2dd-Ks3KtqKXqPfWoEnAQp8OcAS0hvWmy_3miO49iqR2x0Z72zNbiIYb7ObCNO7rCOywPEPyRSECa9KpOcVsC6-xXovWDW1RruVA=w1920-h1080-k-no"
"Robo Mao","https://lh3.googleusercontent.com/p/AF1QipN_lVY6K7zelzQZ4zElMk8km2vPzfli8dIB7Vq8=w1920-h1080-k-no","https://lh3.googleusercontent.com/gps-cs-s/APNQkAHES2P3Y13u397_iSPqLqgIombbl0O-IWSPivKc685wxhPmMITmSj3_skhpfg1eBYcjejVkAlMuwqen0YKoMm-hmEu8W8GKtIoJR4UE69Y4CDayA9hVkOuSNIEZb4QmIowG3VYWfg=w1920-h1080-k-no","https://lh3.googleusercontent.com/gps-cs-s/APNQkAHdVND6to5EuGbScMUTtzFIP1PAh5aCd5h3BOJOtrFOFDLgf9fATMAEWi5JWncs59R2_e7ClCmty4kf0VtMdPYfUZtbDQ7dDikfAP3Lm1wPPFpgCLTLl89GoxsEE87wnCnPpI7PIs7a1SmI=w1920-h1080-k-no","https://lh3.googleusercontent.com/p/AF1QipNnUQjDQc4S11FE6yda6mRvmNv5C0bzSa1rXxP9=w1920-h1080-k-no","https://lh3.googleusercontent.com/gps-cs-s/APNQkAGKTLXbFlwwiX_tNOKAoccB9-RBfPsW60XQuX2BJ--6r3i5AI37FRYYXXQ1vaZhjR3uc-YOYL7k-jysWPr6ZUHw2s-k58osiddiz43S_Ih5YuilsCXrsWzt2z5FOl_LiWs2DOUCGA=w1920-h1080-k-no","https://lh3.googleusercontent.com/gps-cs-s/APNQkAGzeFvHRqJoXX75_3fi6Kkwsmyii1bOPy5FbChhgVyqQSHUp3ea0vrDbrKyXYFld0qt2eqHu_Qr0-jLU4rihZDAjHrngKQKGT4x41YaaPaRmOYd9oKkP9sApQMDaTg33FIKfzZ2=w1920-h1080-k-no","https://lh6.googleusercontent.com/proxy/LaiLR1VeQV_qMgV9wEdXYMka7qytE58LLHWVyqFe5mSs04BiX8Pb4DyIxzeOctjKHLIWnYuhKDWRbf7Am9FC6LNcHL8_8-U54n0Bmbau_RjNDtdYmqN_ZRv1QVGkuheoDeOoyM8QKPr_u6PTXNeHpfSa7-6BQg=w1920-h1080-k-no","https://lh3.googleusercontent.com/gps-cs-s/APNQkAEZT2cwSI0Sm7MD3LruIWmGqlbFoAWhJrsX63cP0MKYZwpBxK2x4CHyS7XNsgaLr2NQq6RLDNHiQ9vGzNYoSTTP_Pb3k9OxuuJABFXn3zefxLNwz1Lguhxtrcyk0xBvR-tpMSa-=w1920-h1080-k-no"
"KATA KITA","https://lh3.googleusercontent.com/p/AF1QipNcEGB6oIaL2a5MmrLeu5K00DIdqBNttTnIjJF8=w1920-h1080-k-no","https://lh3.googleusercontent.com/gps-cs-s/APNQkAFV8rBV5Ia2B5_JNOdoyw4mqNJmz6RT1VqyHa2pzSiOXUl6muo6QNsNUAlXVyxJvbQzkS8UCaZ9Q3GMVITusgxCZe00z72aT334P6ic6ywmbWAXSMrjeBZmpj_K73Vely42TvG0EJAD83T_=w1920-h1080-k-no","https://lh3.googleusercontent.com/gps-cs-s/APNQkAHu1tAOfES5PGJsLDtW0BiZiJn89jzukcmI4nXXWP3kXA2FkCFHsA5b4lRB5atDO50HOG-YfEMYjjrqDphPB5gwwLAG92I_TpcjOnVjqk9WgZbqZpmyRSA5gmifJsGhAj8eJIngwAS150e4=w1920-h1080-k-no","https://lh3.googleusercontent.com/p/AF1QipO_juLxVtshWtWvhOjFwZ3CLcxuzlw5NLDrqBCk=w1920-h1080-k-no","https://lh3.googleusercontent.com/gps-cs-s/APNQkAHlhujU8ZRbxVpxF339_0Nrr5QEmEDuwjRoHHJoWE1j-StUGoBMtCy9wfAd9uC-EUoxpdSr8JviEa4bBqO1UbdsM7n3b6ZYMM3hdTC9wrxP2b5RtGu7wlGPXhgaY7lPDbip8nQmghcOYz4=w1920-h1080-k-no","https://lh3.googleusercontent.com/gps-cs-s/APNQkAFc4JYj01Mzn4JCFAvEh09Bfkd5CItOaeOzMoJhrgeCP8CoXOj_7sgyTZ-hLai6F3DA0P4NGneKj3nuHMyyNOvTwrRfWQEsYNXhzfpd7Y7ffHmm5z2vowRV0HGPuFD7FKOGU-C4tcH3cVs=w1920-h1080-k-no","https://lh3.googleusercontent.com/gps-cs-s/APNQkAGyHdkImv8Bkg7PDeUzbL9w-Ut94fvK-shzhdkrocRHZp1C6YAFWhXXqY_qHvWCz-WdSq8TBkPOPr_f7k1EAe7qPfX2gFIcH-AZErCl2Dar4n_oYKcEGRyTqJt5SYsRcOWtLmnewd-hoj8e=w1920-h1080-k-no","https://lh3.googleusercontent.com/gps-cs-s/APNQkAErasQfHX81AcjG1nKWjIIEcCZnMc5sCjowrbKkGfkBE_pKoMRmmQ7_VC0us9wuDO9HUdq5DV6F9B3sdab5vwfZq-rLErsyLJKyHJs-zLIVAFDmJVn0zs4vS8l2z5lHMibjvWb-JQ=w1920-h1080-k-no"
"Hella Good | Emporium","https://lh3.googleusercontent.com/gps-cs-s/APNQkAGEnuJf7nJv4ywS5NWo2rX0aR4waQOemre342qVjmWSJes9wsjiOdOBE_sr-_BOpkxqo_SXvnkGyLAalEgZerjQdUUk7lY-q4tdlKP3h_3RCtYkiLD21foTeNGnONyND05l8fkfHwJsoRQ6=w1920-h1080-k-no","https://lh3.googleusercontent.com/p/AF1QipN8cnurHqq86_5n3OPC70br2f15zbYDLk6U1VC8=w1920-h1080-k-no","https://lh3.googleusercontent.com/p/AF1QipNJGu5p3QOgjnqAbXe7IdEFMYHdIlO5oNsrj63G=w1920-h1080-k-no","https://lh3.googleusercontent.com/p/AF1QipP_JOUpblXEW6I1ZSgC_S-3R1ZHaKUsKNy-G-7X=w1920-h1080-k-no","https://lh3.googleusercontent.com/gps-cs-s/APNQkAERKx4--UgZzKYExyqHBjbd3ScmfOU1oUlqdyArO9k9Ie2bCmrBLTFC6vEQIPScT4pfm1vE7JKZl-uIzhQyn2ttWvjOTJa4PBwjeTs_04ic1HRjES__4FWxXtXEHedqs0tAW3xMOw=w1920-h1080-k-no","https://lh3.googleusercontent.com/gps-cs-s/APNQkAHatemmwbm1tLlNUFLrJrI8rPsEDyGNDPdDsuXZlXUix1mZARSdWdo8HF5DupikBTQHwJLslMyLmbbxgL9kZuOLyMnla6KEBANFx-ZYkLmdxgcc1aYHQx-Rr-Pvls3ldO129H5sDEBev-Q=w1920-h1080-k-no","https://lh3.googleusercontent.com/gps-cs-s/APNQkAGRId-rZjuWXs8BoGX48w-qO6KV1mhPuQEV05ahkjEGdjG3FBVve78hhMf2VWvZ-xWviPiPnwQ_spjM1BNxhzfofjki3VhJDiAaN0T2xhEVMbLGdTHJjG9h7SPM4ohO-AQZlCuWUA=w1920-h1080-k-no","https://lh3.googleusercontent.com/gps-cs-s/APNQkAGr9JyEs3fVr5YlTZqGTLIPUSemz-ZhthJHK8K3-8q4bwUAn7n68ktamC8Ygl4yx9f5ZdJYbv4U6GIFbvNurfruV784YGu-bXAMCttofpX-xm1VkpbBBi4RUUmV2PMN-GYf3g6X=w1920-h1080-k-no"
"Schmucks Bagels","https://lh3.googleusercontent.com/p/AF1QipMce3fMLxS1FnOrEzloEWg16mtG50x-K2Fj97BH=w1920-h1080-k-no","https://lh3.googleusercontent.com/p/AF1QipOqLyn49dlZSD-p7bgd6p95mlpzp0z0uQLJ2uCE=w1920-h1080-k-no","https://lh3.googleusercontent.com/gps-cs-s/APNQkAGs0vHyymUnfkfWUUoHFYs5OcKSSOgGJkq5cPZCbzpMDILQWfkNikaj4cUziLnmJ8LjI5RZ7CsBcl_bgwCY4n5VzNX-8jiqDqHIZZwv0UTVkxE843EpdDBMJ1tKgOgLJKsJ0Due-c_H-2RI=w1920-h1080-k-no","https://lh3.googleusercontent.com/p/AF1QipNPSQUAN9GBhDHfqnw4a9VkfpXLYCnTerCVo_9r=w1920-h1080-k-no","https://lh3.googleusercontent.com/gps-cs-s/APNQkAHg7hqeAsK5f4DGsAvXVQg_siwkJOd9ED_3Gvehg7cmMIpd9TS0Wj1ydrUrXSfuAe84J8psTV2T48UkMILREM0WEXNI9e0a0Vs8WY4IzAV1XlLaJNsftWz7cRlWgXcr9YNHpdi-Kzj1qcg=w1920-h1080-k-no","https://lh3.googleusercontent.com/gps-cs-s/APNQkAG40XhIPghTzgX9fnQdmr8mMvaqQMgFysMcH-ClhmCqcyRdyKrrklCHwiV--nNe6Aq1KnXdcfex8ZR8T_WztjaSuf4wWaT3xejBPkIBgCvrbT6-G_s2TbHGmrq9btER3Z046W4J04wwHu6i=w1920-h1080-k-no","https://lh3.googleusercontent.com/gps-cs-s/APNQkAHPkrcMumqjco4RqVE3M3P5iJUDphZ7gtEMpaKR7MI1tERB85pRVKkS6Bt6BJW9fOxczawBqbdka-udzvS3kB1AT1u5RDo1ARSS2JazkZ9eY5SqqQqNpXbinwxu2_qpyM3vZ6ubG9vw2nsN=w1920-h1080-k-no","https://lh3.googleusercontent.com/gps-cs-s/APNQkAFbbL4S1S7JqeQwJ8EFHMt8_Jx7q7G3e5l2ZI3KBwhyjASp-4EP-oZfrPnGf_-s54HeRnDBxtIeDPaViQ5i1Y0CUbVnAQpxzKxGUqJ5u_OGBVCPAPPSisRXFkjaNRkdwIO_oacdvg=w1920-h1080-k-no"
"A25 Pizzeria Centro (CBD)","https://lh3.googleusercontent.com/p/AF1QipOB04sGHnmWv8Uaz-pqrahKqkWKW4AODkeYe87Z=w1920-h1080-k-no","https://lh3.googleusercontent.com/p/AF1QipPLmVrdraX7Uoyl7p1nn-7PU-UHtzU2odX1pDOG=w1920-h1080-k-no","https://lh3.googleusercontent.com/p/AF1QipOoG0u2o2JXfDOZ8zKml6yRQQP-TQYL_0Er1O5M=w1920-h1080-k-no","https://lh3.googleusercontent.com/gps-cs-s/APNQkAHmMjs54U6ZKzRrHeSPO_1pvaP16WzUMuCwV3LFAbsFqGdWaS2lciQyTdVTINFVsphmOp__oHxsuMF2JbzLQ6SmRvspVNbBLftLRol1-shFm9VG6QnZTJ3VugvMeqAYXTTf88AuEdV_P54h=w1920-h1080-k-no","https://lh3.googleusercontent.com/gps-cs-s/APNQkAE8OEDi15KB6w7OHfdzjxoaBXTxzUefPknNpoVkKzVa8_QtBCVcKR-2iGN4tl-jIpWHR69eUqxRu4Ya8e68-0vbO9_6WYyFOLV5CDkQF56-l4c29ZTHuH85nmOhraugX7ebvMLdjfnwfqhj=w1920-h1080-k-no","https://lh3.googleusercontent.com/gps-cs-s/APNQkAELjATYi5uTXpuPNgOkUU4_k4mNZxrGRj7j1sOw-snDXhHzZI_xVFhkuZDDEa7itIp1T4_BPQeKG-Bhh-kni-oQ11M8RTNU2RkeQBuJw0-sRcxgrHKBCtZemu6obdiPc2SqS_Y14zhzJMk=w1920-h1080-k-no","https://lh3.googleusercontent.com/gps-cs-s/APNQkAFNaHb7s42ak-CY548Ib_GycFHGpECXmZoi8ui9TXmcmiHdXHjGao_81ytuj-yxN9bd_bzD0ytHgz8iIcHM50JkuEtCZimfxtRVaKNBaljcVv0dh6ZsbGihuGxyHv0VdKW103QNCg=w1920-h1080-k-no","https://lh3.googleusercontent.com/gps-cs-s/APNQkAFId9TeGas6hS8SjQ2QpEvqY1x3uD6OsCFgfUkxot6xd3mSAiO36HjioJ4yyzgYboaZeC9stG9dPtN_LFMHnA9NamW8OnEZFyh5613YlowbQYdnkv6tWSd0fAFeXxQKI0AdxirYcw=w1920-h1080-k-no"
"Chin Chin","https://lh3.googleusercontent.com/p/AF1QipNJD6JTpDzklvFDdPR6xGpAiLvQC7hnr3NW07Dc=w1920-h1080-k-no","https://lh3.googleusercontent.com/gps-cs-s/APNQkAESxyzvg8s-ZLP3L-nxic2PdDDLnLzD4QFl0RbXGIDhuBp-ed2jEeON-KXLPSCksA3jUIqf7MxNxEOfwCbIPAce1hxSIS-MLGhoR_0ypwlqJUFtx8iOVDjIcLrOsLO8AZdv1J4-=w1920-h1080-k-no","https://lh3.googleusercontent.com/p/AF1QipNqoiMOmAzBSWye9M65jDsSvoUHcg5Ye8H0a_h4=w1920-h1080-k-no","https://lh3.googleusercontent.com/gps-cs-s/APNQkAHQsgFU3B9yuP2NYO-6d863ZQmVm-BMWKmAr64VY4oGbLfsOkM8rPN3XXvM9zDps1Q2Q_yy0NzdWk8EUfZ5oQz_q6DmnugwrytXq-BNOmWUjPVtv_jUQ6IK9rSrGnT_ycX-o3GkHRBg96Gg=w1920-h1080-k-no","https://lh3.googleusercontent.com/gps-cs-s/APNQkAHm__vJ1E5qfYZ91m5B6B3LwBMSvs_62J5OMOhh0YZ2K9qMRoxkS6H83X89_CpEmN05trEyKVWUQosg4AV8AEtIYByS7Tizmh0WuuQeUqwLL5pGPIXyz7xJ-smaKWkf9HGLXjmcm7r7zDeB=w1920-h1080-k-no","https://lh3.googleusercontent.com/gps-cs-s/APNQkAGx8xFYL-QgE3xMSZLYl4ewYLbb6PW2G8L06JE-U-Fi2XSfG3wHBqc0-j0isYdMc-P6L_KOKoPEP7lfXQYjG7O4ac4G8lMa-teWx6IHcJ4tm1-YKatzdkUAnFvv5NcmpdSpx7bqwQQ_CkrI=w1920-h1080-k-no","https://lh3.googleusercontent.com/gps-cs-s/APNQkAGwx23gVbYm_-Upl4YxlmV6WJ5P6sqHPSgOsXweW_ONmnn5axNwa7BOFxt8T7-UDbwuRHD_TEyBqkHgLyJqUBy2YLZOLXg1qF6YEGdvEFtzSJOyEdf6OXCKchcGFgaVNs6qeBVViqJmmH8=w1920-h1080-k-no","https://lh3.googleusercontent.com/gps-cs-s/APNQkAFmAML4hOdcHkPGDwV60xnHZjq2yILcdZ5mcWGcqOaQNuhcEfttquwfDjyEAYqLwO4ymVV2Ky1Nb7WnuYkeiF4TezjRqqY1i5FMa1--7ihJEsH4EUaWVSivXebhncVkfiP_vNxhAA=w1920-h1080-k-no"
"Cookie","https://lh3.googleusercontent.com/p/AF1QipPRgFz2Kh9hyDBBEO-JVnS6-9cXKxJAFxpF7hBt=w1920-h1080-k-no","https://lh3.googleusercontent.com/gps-cs-s/APNQkAEhiTQYkWMY7KKJSxfVankfQiqsYN1UX2O5XvHw5OKJDMga5rfBacEm59PfR3YY5BjjTEgNS_GKA9kUENAWc74IEYWhxfpJAkjeAAAVnuaLhN36PfmkvjZIE4gDg32iK96UFMJYgfVmjU8=w1920-h1080-k-no","https://lh3.googleusercontent.com/gps-cs-s/APNQkAEq-cncg-AGQE0B_-nXyIC-17c6QCwMmawMFqBRXgfe59NWPzB3w8KimvWmq6FQ7RXHW3QhUK53fGGcI3qcT-EAiiyywcaRbxwAga6axocFTnPbIO_NfvgKeFc5KmvZYqiPKJq69RaYTcPM=w1920-h1080-k-no","https://lh3.googleusercontent.com/p/AF1QipOu-sOvtiuuQkNy6nbU6MTPe-FZ5EJc6zaXkAZU=w1920-h1080-k-no","https://lh3.googleusercontent.com/p/AF1QipOthuaKFwIZt2QQhp1eCTLvztGhQPzoBj5W84Q9=w1920-h1080-k-no","https://lh3.googleusercontent.com/p/AF1QipN84uMYZVp_UV_ygpsDkI4EDdO8MkpLb5PBZLBF=w1920-h1080-k-no","https://lh3.googleusercontent.com/gps-cs-s/APNQkAFAVZMNlMxCXngPwjM4OaatTQ4GHVKiL6_c8Par_95UzLx1I3gYyV_J5g6ZcGLahCo5IB5R1GBOh640xPfIH2Iysb8Mr1taxoLMDkhwSY_2Fpm8zJ9VSOSDFWBtNPNeBiihWuVjcPoaT4-r=w1920-h1080-k-no","https://lh3.googleusercontent.com/gps-cs-s/APNQkAGqwWnlahI4TxAhXZfTrN7s8g4xobjUZMGpfeDiz2ZmLbIQ6uNGB0-ANct_TUwE9NICwsGa3rCRh4PcZ6Y_AT63RduS8ErGSRlO9caE2iSTqmuWobjUdHYAjwciZ7duUzdnN1R_uaYbpdQ=w1920-h1080-k-no"
"The Workers' Food Room","https://lh3.googleusercontent.com/gps-cs-s/APNQkAFx0Y767zXy29r-gowzAfVdigita5r9aOFhuVrcVTROrrt9O6kjTQYAOITShB63SIKb0UazR8Ev1ptvU8cnYIaRqpz8dWBpHPn_VMddp1-VUI4B7xPOQo4ksuxCpZoHlRxKYfYc=w1920-h1080-k-no","https://lh3.googleusercontent.com/gps-cs-s/APNQkAH96wj0DPm57TSX56CP6Cszbb66SiXnMbpqpCmjML922fPXhfiuZtrYHQ_HZTygxAGBu13yQh-yzV_yrrzMskAw-9lQmpWd9TYUbarDOV9-y8m_5uhb46cDrHVK7by1tBqFtkvk=w1920-h1080-k-no","https://lh3.googleusercontent.com/gps-cs-s/APNQkAHtF9fbLbUrVlx3koKpHKfJv_StM2KQ3h6jQMk26PlMqk47K8vqJ6Xs7en2F89kF1HnbqRh3rRiirWkqQP6igEZFay9SxI9FtiHMu_av7CQ0Sux5U9uRrR5ep3vieCZH8Mo-8JYLsXUvJia=w1920-h1080-k-no","https://lh3.googleusercontent.com/gps-cs-s/APNQkAEF59hkAFG-rbtZHfD72-vz2oyu_K_I8NnKMqT8sNXFZaOJEu_dSYbVt8-pg8ay66-aY1BVLMXyW2BNtOHhaqB_oEHnY2nkZNUBmw-Kc4RvKQSZ0-dYQlofhZEdPYiA6FzQyulS=w1920-h1080-k-no","https://lh3.googleusercontent.com/gps-cs-s/APNQkAHlkjMu3rOyWoXinUH9kbHc-2NBr3CwClglgCGmeWLTNuEx8_m1M9I3Ew8qRW0jLE36QhBtV-BeIHRuSo29-8dJgc0agaSDOsAvYnF1Mf6juKfRSeBxkNNgLehKmdx5lrYTg7YN=w1920-h1080-k-no","https://lh3.googleusercontent.com/gps-cs-s/APNQkAGds59GkWHjWgzt7amDOBwxzaO_ypQpdSMgUgBDPew_vr1LWAYsVJeQgrg_IvSBjPyu4afoQQp41YK1Ya960uE1Z2t8KnvoFDxdxCHxUKy7_fg73w59HNp0pUGlAhqT0nbqIazbug=w1920-h1080-k-no","https://lh3.googleusercontent.com/gps-cs-s/APNQkAGGdHP2FFKlCPd_UNQ2JKFNnhjWvKnoLyhEl2BXZOEh_P756iVSYK3IvysRc7JEPykwz1BOKuTrWMpbY5cof-2aBnGnAOHtSi9FVmxwrboAZU5Oxe7xLRU0ZzCFeofxBZidVhZG=w1920-h1080-k-no","https://lh3.googleusercontent.com/gps-cs-s/APNQkAHT9z2TKDkK4PJXeojxmoBQq2S-QEJb97iCvTFc0rz-7dX8j4px-NRe-nDPR4HZSy2q2V7tlVH56DKfIebzmaFno6HLkW4haN-fy9b-GyUYPvL_kYS28oC0st5gvpAWagQscjo-9Q=w1920-h1080-k-no"
"UNION KIOSK","https://lh3.googleusercontent.com/p/AF1QipM7ahdO0-8i0OiViP0JJIkr8n5tEnqRGjcRWxhz=w1920-h1080-k-no","https://lh3.googleusercontent.com/gps-cs-s/APNQkAFXW8HvwuwA_a9FHryzMcK-sYa2m1wK6YBKiVDrCejPrgi-7e4BIQ_KnG5sxJiW0GzZmKsgt4RNwTuocMJbvifU9uxhMTeQFJvMMLSlplR5fODBZMjNiLMbb2maqmZ9sLbwipw=w1920-h1080-k-no","https://lh3.googleusercontent.com/gps-cs-s/APNQkAFX6B4ifeinQGUubjeGTl-l-Rmlj-DZ3SWfHH3lnVEnM5Jkk1fnrwQb2qMNw2c9wNmjKi9t1rTlw1lqi5ymSdRz8JLza36IuWoIlaYzD5vHULrYU8HTi-v2bvve5_OVyilgQ8-ApipTq4I=w1920-h1080-k-no","https://lh3.googleusercontent.com/gps-cs-s/APNQkAGBJ7mK8eZc9-F4uyyVRDL8PJO6vbjqOLRIS-6CaTWEp8ZVM1oAplN_FxKtdPG3JRDqRXRLzsvCoWeFNDt2yXD5Ei_bVM4FEVm4MIDphuw4Pnm7UgwXVj83O6OU3GoR9BxiQkUf=w1920-h1080-k-no","https://lh3.googleusercontent.com/gps-cs-s/APNQkAHNsokZ2htICaRZE7eLlXox_ZFgLKlzeqpeaE9OiQ9ezNeT1xDvd_TcGEmSq9Y0bEZBVwMOfOxa0zsX-bTyKc9KngvGNbBJuWYJmzksm6EqkNh3cdOz36czSHWgrAuZOVV_N4obby3YaWI=w1920-h1080-k-no","https://lh3.googleusercontent.com/gps-cs-s/APNQkAFYFPwZEkgg97SbFckW9iLo1KF_IOZvvPIogk5C17Zwdxczf7D_08n0b9MlB_6jzKKpJsHw47VpC-mW4l9zF-UB6WtlVZ-GNaKQwbUsPUxgT6vnNwhAmecSlAcuZi3BI4BJMCsxQOmoF9ok=w1920-h1080-k-no","https://lh3.googleusercontent.com/gps-cs-s/APNQkAElM4UqisDCbU1WXZU2Mh4uUC_9CKUGxDOpQCst2GzFttMUpjOCR_1TxvQdHXwQqRUa68dOd1vC-UhrNaZn1LmV9KQSVuPv7ZVbp8_POcWDo4AJofloJOgqFPnNF84Cm_aDHP6cXBOX4uot=w1920-h1080-k-no","https://lh3.googleusercontent.com/gps-cs-s/APNQkAGTEnwSvGL8lIhsiWwH-SxWPafuttyrQemXfLbf-_HNkZp5JgJPdquPUEFZJiIRGDJB--fkbHlNkDpGEm9txFPKJ28DQLuMdwTPLhb4XEajqKyr9rBWCEWEFPjBnUIXqMtWr0pFlvnEc0QV=w1920-h1080-k-no"
"SpudBAR Richmond","https://lh3.googleusercontent.com/p/AF1QipNJIO-SCGBeYVJdEPi-OiKBka10FYvCRtM9_2lY=w1920-h1080-k-no","https://lh3.googleusercontent.com/p/AF1QipNJkqgZ5epiEqJ4YsLdtGrQRZDGTBRtRXr354vM=w1920-h1080-k-no","https://lh3.googleusercontent.com/p/AF1QipPKCOIcAikJ17y_3DxUI04UzGbt5JHe-Va9Fw7H=w1920-h1080-k-no","https://lh3.googleusercontent.com/p/AF1QipPfhpuDN34u5kjQyAwm6GgryuTo_0Iink3g0581=w1920-h1080-k-no","https://lh3.googleusercontent.com/p/AF1QipMCbcijoZiW81gPX7zZzkFa2hxyTkgohwkEZJDf=w1920-h1080-k-no","https://lh6.googleusercontent.com/proxy/Ihu9wvTxlTzmG7EC1fb9wgJuVEeS9ZDLeMrhr1oAO0GEaBYneIYkCC6OixWJO1VjU4G1iYeZM8WS5DDmtHi9D2zDxSMK519CxbjECk5cEgpcSuO7jqu4eRKD88dLGgtQ2szF2At6L7k5PoOvc88svTCiGYxOUb0=w1920-h1080-k-no","https://lh3.googleusercontent.com/p/AF1QipPwea1yVggJBd_N97g7PKklBQmD-JRfP2jwDALn=w1920-h1080-k-no","https://lh3.googleusercontent.com/p/AF1QipPPltRwWIxaIfnnhuFrgIZeP0cO7LIkVf4FIoA7=w1920-h1080-k-no"
